edges randomized for k=80,8,16
80,0.6989664898836764,0.660667904267482
edges randomized for k=80,160000,160000
